<?xml version="1.0"?>
<!DOCTYPE hibernate-mapping PUBLIC "-//Hibernate/Hibernate Mapping DTD 3.0//EN"
"http://www.hibernate.org/dtd/hibernate-mapping-3.0.dtd">
<!-- Generated Jun 22, 2015 3:07:06 PM by Hibernate Tools 4.3.1 -->
<hibernate-mapping>
    <class name="DB.Iterations" table="iterations" optimistic-lock="version">
        <id name="iditerations" type="int">
            <column name="iditerations" />
            <generator class="identity" />
        </id>
        <many-to-one name="testCampaign" class="DB.TestCampaign" fetch="select">
            <column name="test_campaign_idtest_campaign" not-null="true" />
        </many-to-one>
        <property name="baselineId" type="string">
            <column name="baseline_id" length="20" not-null="true" />
        </property>
        <property name="iterationNumber" type="int">
            <column name="iteration_number" not-null="true" />
        </property>
        <property name="date" type="string">
            <column name="date" length="10" />
        </property>
        <property name="iterationResult" type="java.lang.Double">
            <column name="iteration_result" length="10" />
        </property>
        <property name="user" type="string">
            <column name="user" length="45" />
        </property>
        <set name="caseExecutionses" table="case_executions" inverse="true" lazy="true" fetch="select" order-by="case_order" cascade="delete">
            <key>
                <column name="iterations_iditerations" not-null="true" />
            </key>
            <one-to-many class="DB.CaseExecutions" />
        </set>
    </class>
</hibernate-mapping>
