<?xml version="1.0"?>
<!DOCTYPE hibernate-mapping PUBLIC "-//Hibernate/Hibernate Mapping DTD 3.0//EN"
"http://www.hibernate.org/dtd/hibernate-mapping-3.0.dtd">
<!-- Generated Jun 19, 2015 5:06:37 PM by Hibernate Tools 4.3.1 -->
<hibernate-mapping>
    <class name="DB.MacroExecution" table="macro_execution" optimistic-lock="version" >
        <id name="idmacroExecution" type="java.lang.Integer">
            <column name="idmacro_execution" />
            <generator class="identity" />
        </id>
        <many-to-one name="scriptExecutionsByScriptExecutionsIdscriptExecutions" class="DB.ScriptExecutions" fetch="select">
            <column name="script_executions_idscript_executions" not-null="true" />
        </many-to-one>
        <many-to-one name="scriptExecutionsByScriptExecutionsIdscriptExecutions1" class="DB.ScriptExecutions" fetch="select">
            <column name="script_executions_idscript_executions1" not-null="true" />
        </many-to-one>
        <property name="scriptOrder" type="java.lang.Byte">
            <column name="script_order" />
        </property>
    </class>
</hibernate-mapping>
