<?xml version="1.0"?>
<!DOCTYPE hibernate-mapping PUBLIC "-//Hibernate/Hibernate Mapping DTD 3.0//EN"
"http://www.hibernate.org/dtd/hibernate-mapping-3.0.dtd">
<!-- Generated Jul 7, 2015 10:16:27 AM by Hibernate Tools 4.3.1 -->
<hibernate-mapping>
    <class name="DB.Parameters" table="parameters" optimistic-lock="version">
        <id name="idparameters" type="java.lang.Integer">
            <column name="idparameters" />
            <generator class="identity" />
        </id>
        <property name="name" type="string">
            <column name="name" length="45" />
        </property>
        <property name="parameterType" type="string">
            <column name="parameter_type" length="20" />
        </property>
        <property name="description" type="string">
            <column name="description" length="65535" />
        </property>
        <set name="scriptHasBeenConfigureds" table="script_has_been_configured" inverse="true" lazy="true" fetch="select">
            <key>
                <column name="parameters_idparameters" not-null="true" />
            </key>
            <one-to-many class="DB.ScriptHasBeenConfigured" />
        </set>
        <set name="parametersExecutions" table="parameters_execution" inverse="true" lazy="true" fetch="select">
            <key>
                <column name="parameters_idparameters" not-null="true" />
            </key>
            <one-to-many class="DB.ParametersExecution" />
        </set>
        <set name="scriptHasParameterses" table="script_has_parameters" inverse="true" lazy="true" fetch="select">
            <key>
                <column name="parameters_idparameters" not-null="true" />
            </key>
            <one-to-many class="DB.ScriptHasParameters" />
        </set>
    </class>
</hibernate-mapping>
