<?xml version="1.0"?>
<!DOCTYPE hibernate-mapping PUBLIC "-//Hibernate/Hibernate Mapping DTD 3.0//EN"
"http://www.hibernate.org/dtd/hibernate-mapping-3.0.dtd">
<!-- Generated Jun 24, 2015 5:05:36 PM by Hibernate Tools 4.3.1 -->
<hibernate-mapping>
    <class name="DB.ParametersExecution" table="parameters_execution" optimistic-lock="version">
        <id name="idparameters" type="java.lang.Integer">
            <column name="idparameters" />
            <generator class="identity" />
        </id>
        <many-to-one name="parameters" class="DB.Parameters" fetch="select">
            <column name="parameters_idparameters" not-null="true" />
        </many-to-one>
        <many-to-one name="scriptExecutions" class="DB.ScriptExecutions" fetch="select">
            <column name="script_executions_idscript_executions" not-null="true" />
        </many-to-one>
        <property name="value" type="string">
            <column name="value" length="100" />
        </property>
        <property name="paramOrder" type="java.lang.Byte">
            <column name="param_order" />
        </property>
    </class>
</hibernate-mapping>
