<?xml version="1.0"?>
<!DOCTYPE hibernate-mapping PUBLIC "-//Hibernate/Hibernate Mapping DTD 3.0//EN"
"http://www.hibernate.org/dtd/hibernate-mapping-3.0.dtd">
<!-- Generated Jul 9, 2015 4:09:17 PM by Hibernate Tools 4.3.1 -->
<hibernate-mapping>
    <class name="DB.ParamScriptMacro" table="param_script_macro" optimistic-lock="version">
        <id name="paramScriptMacrocol" type="java.lang.Integer">
            <column name="param_script_macrocol" />
            <generator class="identity" />
        </id>
        <many-to-one name="macro" class="DB.Macro" fetch="select">
            <column name="macro_idmacro" not-null="true" />
        </many-to-one>
        <many-to-one name="paramScriptMacro" class="DB.ParamScriptMacro" fetch="select">
            <column name="param_script_macro_param_script_macrocol" />
        </many-to-one>
        <many-to-one name="scriptHasParameters" class="DB.ScriptHasParameters" fetch="select">
            <column name="script_has_parameters_idscript_has_parameters" not-null="true" />
        </many-to-one>
        <property name="toDisplay" type="java.lang.Byte">
            <column name="to_display" />
        </property>
        <property name="valuePath" type="string">
            <column name="value_path" length="150" />
        </property>
        <property name="value" type="string">
            <column name="value" length="150" />
        </property>
        <property name="paramOrder" type="java.lang.Byte">
            <column name="param_order" />
        </property>
        <set name="paramScriptMacros" table="param_script_macro" inverse="true" lazy="true" fetch="select" order-by="param_order ASC">
            <key>
                <column name="param_script_macro_param_script_macrocol" />
            </key>
            <one-to-many class="DB.ParamScriptMacro" />
        </set>
    </class>
</hibernate-mapping>
