<?xml version="1.0"?>
<!DOCTYPE hibernate-mapping PUBLIC "-//Hibernate/Hibernate Mapping DTD 3.0//EN"
"http://www.hibernate.org/dtd/hibernate-mapping-3.0.dtd">
<!-- Generated Jul 7, 2015 4:40:41 PM by Hibernate Tools 4.3.1 -->
<hibernate-mapping>
    <class name="DB.ScriptHasParameters" table="script_has_parameters" optimistic-lock="version">
        <id name="idscriptHasParameters" type="java.lang.Integer">
            <column name="idscript_has_parameters" />
            <generator class="identity" />
        </id>
        <many-to-one name="parameters" class="DB.Parameters" fetch="select" cascade="save-update">
            <column name="parameters_idparameters" not-null="true" />
        </many-to-one>
        <many-to-one name="script" class="DB.Script" fetch="select">
            <column name="script_idScript" not-null="true" />
        </many-to-one>
        <property name="paramOrder" type="byte">
            <column name="param_order" not-null="true" />
        </property>
        <set name="paramScriptMacros" table="param_script_macro" inverse="true" lazy="true" fetch="select">
            <key>
                <column name="script_has_parameters_idscript_has_parameters" not-null="true" />
            </key>
            <one-to-many class="DB.ParamScriptMacro" />
        </set>
    </class>
</hibernate-mapping>
