<?xml version="1.0"?>
<!DOCTYPE hibernate-mapping PUBLIC "-//Hibernate/Hibernate Mapping DTD 3.0//EN"
"http://www.hibernate.org/dtd/hibernate-mapping-3.0.dtd">
<!-- Generated Jun 24, 2015 5:05:36 PM by Hibernate Tools 4.3.1 -->
<hibernate-mapping>
    <class name="DB.ScriptHasBeenConfigured" table="script_has_been_configured" optimistic-lock="version">
        <id name="idscriptHasBeenConfigured" type="java.lang.Integer">
            <column name="idscript_has_been_configured" />
            <generator class="identity" />
        </id>
        <many-to-one name="parameters" class="DB.Parameters" fetch="select">
            <column name="parameters_idparameters" not-null="true" />
        </many-to-one>
        <many-to-one name="testStepHasScript" class="DB.TestStepHasScript" fetch="select">
            <column name="test_step_has_script_idtest_step_has_script" not-null="true" />
        </many-to-one>
        <property name="paramOrder" type="byte">
            <column name="param_order" not-null="true" />
        </property>
        <property name="isConfigured" type="java.lang.Byte">
            <column name="is_configured" />
        </property>
        <property name="value" type="string">
            <column name="value" length="150" />
        </property>
        <property name="valuePath" type="string">
            <column name="value_path" length="150" />
        </property>
    </class>
</hibernate-mapping>
