<?xml version="1.0"?>
<!DOCTYPE hibernate-mapping PUBLIC "-//Hibernate/Hibernate Mapping DTD 3.0//EN"
"http://www.hibernate.org/dtd/hibernate-mapping-3.0.dtd">
<!-- Generated Jun 19, 2015 5:06:37 PM by Hibernate Tools 4.3.1 -->
<hibernate-mapping>
    <class name="DB.StepExecutionsResult" table="step_executions_result" optimistic-lock="version">
        <composite-id name="id" class="DB.StepExecutionsResultId">
            <key-property name="stepExecutionsIdstepExecutions" type="int">
                <column name="step_executions_idstep_executions" />
            </key-property>
            <key-property name="iterationNumber" type="byte">
                <column name="iteration_number" />
            </key-property>
        </composite-id>
        <many-to-one name="stepExecutions" class="DB.StepExecutions" update="false" insert="false" fetch="select">
            <column name="step_executions_idstep_executions" not-null="true" />
        </many-to-one>
        <property name="result" type="string">
            <column name="result" length="6" not-null="true" />
        </property>
        <property name="comment" type="string">
            <column name="comment" length="65535" />
        </property>
    </class>
</hibernate-mapping>
