<?xml version="1.0"?>
<!DOCTYPE hibernate-mapping PUBLIC "-//Hibernate/Hibernate Mapping DTD 3.0//EN"
"http://www.hibernate.org/dtd/hibernate-mapping-3.0.dtd">
<!-- Generated Jun 22, 2015 4:49:10 PM by Hibernate Tools 4.3.1 -->
<hibernate-mapping>
    <class name="DB.TestStepHasScript" table="test_step_has_script" optimistic-lock="version">
        <id name="idtestStepHasScript" type="int">
            <column name="idtest_step_has_script" />
            <generator class="identity" />
        </id>
        <many-to-one name="script" class="DB.Script" fetch="select">
            <column name="script_idScript" not-null="true" />
        </many-to-one>
        <many-to-one name="testStep" class="DB.TestStep" fetch="select">
            <column name="test_step_idtest_step" not-null="true" />
        </many-to-one>
        <property name="executionOrder" type="byte">
            <column name="execution_order" not-null="true" />
        </property>
        <set name="scriptHasBeenConfigureds" table="script_has_been_configured" inverse="true" lazy="true" fetch="select" cascade = "all" order-by="param_order ASC">
            <key>
                <column name="test_step_has_script_idtest_step_has_script" not-null="true" />
            </key>
            <one-to-many class="DB.ScriptHasBeenConfigured" />
        </set>
    </class>
</hibernate-mapping>
