<?xml version="1.0"?>
<!DOCTYPE hibernate-mapping PUBLIC "-//Hibernate/Hibernate Mapping DTD 3.0//EN"
"http://www.hibernate.org/dtd/hibernate-mapping-3.0.dtd">
<!-- Generated Jun 19, 2015 5:06:37 PM by Hibernate Tools 4.3.1 -->
<hibernate-mapping>
    <class name="DB.TestCampaignTestCase" table="test_campaign_test_case" optimistic-lock="version">
        <composite-id name="id" class="DB.TestCampaignTestCaseId">
            <key-property name="testCampaignIdtestCampaign" type="int">
                <column name="test_campaign_idtest_campaign" />
            </key-property>
            <key-property name="testCaseIdtestCase" type="int">
                <column name="test_case_idtest_case" />
            </key-property>
            <key-property name="caseOrder" type="byte">
                <column name="case_order" />
            </key-property>
        </composite-id>
        <many-to-one name="testCampaign" class="DB.TestCampaign" update="false" insert="false" fetch="select">
            <column name="test_campaign_idtest_campaign" not-null="true" />
        </many-to-one>
        <many-to-one name="testCase" class="DB.TestCase" update="false" insert="false" fetch="select">
            <column name="test_case_idtest_case" not-null="true" />
        </many-to-one>
    </class>
</hibernate-mapping>
